rank,title,uploader,genre,duration,soundcloud_url,native_download_enabled,downloads_left,download_count,likes,plays,published_at,license,verified_uploader,soundcloud_track_id,checked_at
1,Dont Stop Lets Go - Extended mix (free DL),Stooz1,Tech House,5:17,https://soundcloud.com/stooz1/dont-stop-lets-go-extended-mix,true,true,10,11,269,2025-11-02T15:56:01Z,all-rights-reserved,false,2204688739,2026-08-16T16:11:37.582Z
2,Got me fkd up - Extended mix (free DL),Stooz1,Tech House,6:24,https://soundcloud.com/stooz1/got_me_fkd_up_extended_mix,true,true,4,5,238,2025-10-19T15:51:30Z,all-rights-reserved,false,2193782811,2026-08-16T16:11:37.582Z
3,Take me higher - Extended Mix (free DL),Stooz1,Tech House,5:42,https://soundcloud.com/stooz1/take-me-higher-extended-mix,true,true,5,5,227,2025-11-30T14:21:56Z,all-rights-reserved,false,2221493264,2026-08-16T16:11:37.582Z
4,Tyler.Ryyan - Fake I.D. (Original Mix),Tech Avenue Records,Tech House,6:08,https://soundcloud.com/techavenuerecords/tylerryyan-fake-id-original-mix,true,true,808,1455,37991,2022-01-14T11:40:13Z,all-rights-reserved,false,1196436898,2026-08-16T16:11:37.582Z
5,Motorbreath ( extended mix ) [ FREE DOWNLOAD ],WELL KEPT,House,7:49,https://soundcloud.com/wellkeptdeeptech/well-kept-motorbreath-wk-2,true,true,26,69,1709,2026-07-02T05:04:41Z,all-rights-reserved,false,2351572196,2026-08-16T16:11:37.582Z
6,Lujan Fernandez - El Maton (Extended Mix) Tech House,Aura Records Music,House,5:44,https://soundcloud.com/aurarecordsmusic/lujan-fernandez-el-maton,true,true,19,75,1156,2026-03-24T21:30:22Z,all-rights-reserved,false,2289965963,2026-08-16T16:11:37.582Z
7,Jayreeh  - Ahora Es (Original Mix),Tech Avenue Records,Tech House,5:43,https://soundcloud.com/techavenuerecords/jayreeh-ahora-es-original-mix,true,true,474,562,14255,2022-06-08T09:18:16Z,all-rights-reserved,false,1283389702,2026-08-16T16:11:37.582Z
8,FreeTech - Skipping (Original Mix),GANGSTA HOUSE RECORDS,Tech House,3:58,https://soundcloud.com/gangstahouserec/freetech-skipping-original-mix,true,true,10,224,3207,2025-11-24T15:00:37Z,all-rights-reserved,true,2218160006,2026-08-16T16:11:37.582Z
9,Dezzen - Afterparty (Extended Mix) [Techno / Tech House] FREE DOWNLOAD,DEZZEN | Oficial,Electronic,5:25,https://soundcloud.com/dezzenoficial/dezzen-afterparty-master,true,true,9,4,54,2026-03-04T22:02:16Z,all-rights-reserved,false,2277584792,2026-08-16T16:11:37.582Z
10,DJ_Jules - Why Play Those Games (VIP Tech House Extended Mix),dj-jules,House,5:57,https://soundcloud.com/dj-jules/dj-jules-why-play-those-games-vip-tech-house-mix,true,true,1,3,34,2023-09-19T10:25:53Z,all-rights-reserved,false,1619907498,2026-08-16T16:11:37.582Z
11,ANTIDOTE - Una Isla (Original Mix) Summer Vibes 2025 [Tech House],Aura Records Music,Tech House,6:41,https://soundcloud.com/aurarecordsmusic/antidote-una-isla-original-mix-summer-vibes-2025-tech-house,true,true,28,75,1270,2025-08-02T22:06:31Z,all-rights-reserved,false,2140949526,2026-08-16T16:11:37.582Z
12,Belaha - C.R.B. (Extended Mix) - TECH HOUSE,Belaha,Techno,5:10,https://soundcloud.com/belaha/belaha-c-r-b-extended-mix,true,true,1,1,6,2025-10-12T13:10:57Z,all-rights-reserved,false,2188479283,2026-08-16T16:11:37.582Z
13,Come n Go (Tech House Extended Edit),AltiX,Tech House,5:58,https://soundcloud.com/altix-sssi/come-n-go-tech-house-extended-edit,true,true,0,14,2825,2025-12-24T12:45:40Z,all-rights-reserved,false,2235678995,2026-08-16T16:11:37.582Z
14,SWEET FIRE (original mix) tech house / techno free download,CARLI7OX,tech house,6:16,https://soundcloud.com/carli7ox/sweet-fire-original-mix-tech,true,true,13,9,369,2026-04-26T01:22:28Z,all-rights-reserved,false,2309348129,2026-08-16T16:11:37.582Z
15,Hobe - El Muro (Original Mix) [FREE DOWNLOAD],Hobe,Tech House ,6:14,https://soundcloud.com/hober/hobe-el-muro-original-mix-free,true,true,4,7,248,2026-06-22T13:59:08Z,cc-by-nc-sa,false,2344090844,2026-08-16T16:11:37.582Z
16,"THE UNDERGROUND (Original mix) (minimal house, tech house) free download",CARLI7OX,TECH HOUSE,5:04,https://soundcloud.com/carli7ox/the-underground-original-mix,true,true,14,6,222,2026-04-27T00:49:24Z,all-rights-reserved,false,2309813219,2026-08-16T16:11:37.582Z
17,1-Holograma Fresh Morning - Original Mix Tech House,Holograma,Tech House,7:30,https://soundcloud.com/hologramadj/1-holograma-fresh-morning,true,true,18,5,219,2013-01-29T15:35:27Z,all-rights-reserved,false,76968750,2026-08-16T16:11:37.582Z
18,"CARLI7OX - Walk with me (Original mix) (minimal house, tech house) free download",CARLI7OX,TECH HOUSE,6:02,https://soundcloud.com/carli7ox/carli7ox-walk-with-me-original,true,true,3,5,213,2026-07-01T16:02:29Z,all-rights-reserved,false,2351231414,2026-08-16T16:11:37.582Z
19,"ONE MORE STEP (original mix) (minimal house, tech house) free download",CARLI7OX,tech house,5:35,https://soundcloud.com/carli7ox/one-more-step-original-mix,true,true,6,4,204,2026-07-17T22:19:21Z,all-rights-reserved,false,2363137964,2026-08-16T16:11:37.582Z
20,Where You Are Tech House Remix [Extended] Free download!,djooomi,Tech House,4:08,https://soundcloud.com/omi-sia/where-you-are-tech-house-remix,true,true,33,67,2076,2024-01-26T03:12:24Z,all-rights-reserved,false,1727906523,2026-08-16T16:11:37.582Z
21,ALL BLAKK - Biggie Bounce (Original Mix),TechHouseMiami,House,6:27,https://soundcloud.com/techhousemiami/all-blakk-biggie-bounce,true,true,178,571,8749,2022-08-01T13:44:40Z,all-rights-reserved,false,1315744357,2026-08-16T16:11:37.582Z
22,Muñekita (FERTHEEN Extended Remix) [FREE DOWNLOAD] Tech House Mx,FERTHEEN,Tech House,4:09,https://soundcloud.com/fertheenoficialpe/munekita-fertheen-extended-remix,true,true,0,12,254,2026-02-03T23:47:31Z,all-rights-reserved,false,2259705164,2026-08-16T16:11:37.582Z
23,Sneak - Original Mix | Tech House |,KLAID,Tech House,4:27,https://soundcloud.com/khaledabdrabo-music/sneak-original-mix-tech-house-private,true,true,7,10,91,2020-04-04T12:51:11Z,all-rights-reserved,false,790659547,2026-08-16T16:11:37.582Z
24,Friendly Tech House Extended (( FREE DOWNLOAD )),jeff,Tech House,8:12,https://soundcloud.com/jeffouze/friendly-tech-house-extended-free-download,true,true,13,3,114,2014-10-15T21:49:32Z,all-rights-reserved,false,172330917,2026-08-16T16:11:37.582Z
25,TECH HOUSE DE VAGABUNDO - EXTENDED - FREE DL,wolfbass_cn,MINIMAL TECH HOUSE,4:05,https://soundcloud.com/wolfbass-cn/tech-house-de-vagabundo-extended,true,true,3,2,96,2025-05-16T20:44:32Z,all-rights-reserved,false,2097154200,2026-08-16T16:11:37.582Z
26,Dance Forever (Extended Version) - Greg Sletteland,SEXY Best House Music EDM 2026 Hits Party DJ Mix,Electronic,3:39,https://soundcloud.com/electronic-dance-dj-party/dance-forever-extended-version,true,true,158,379,75096,2019-12-17T03:02:19Z,all-rights-reserved,false,728992240,2026-08-16T16:11:37.582Z
27,EDM Remix 2019 - Take Risks (Extended Club Remix Free Download House Remix Greg Sletteland Workout,SEXY Best House Music EDM 2026 Hits Party DJ Mix,Dance & EDM,9:39,https://soundcloud.com/electronic-dance-dj-party/take-risks-extended-club-remix,true,true,2327,120,25421,2019-02-25T15:43:07Z,all-rights-reserved,false,581057241,2026-08-16T16:11:37.582Z
28,It's A Fine Day - Opus III【 RAUMDEKOR Remix 】-ELECTRONIC HOUSE-『Extended Club Version』,Raumdekor,Electronic,8:08,https://soundcloud.com/raumdekor/its-a-fine-day-opus-iii-raumdekor-remix-electronic-house-extended-club-version,true,true,10,96,4208,2023-11-09T20:54:50Z,all-rights-reserved,false,1661158875,2026-08-16T16:11:37.582Z
29,Drake - Janice (dntfear Tech House Remix) EXTENDED Version,Abraham Geovanni,Dance & EDM,6:17,https://soundcloud.com/abrahamsfaith/drake-janice-dntfear-tech-1,true,true,7,5,330,2026-05-24T01:52:29Z,all-rights-reserved,false,2326381892,2026-08-16T16:11:37.582Z
30,Pardesi (Original Mix) | Desi Tech House,RAEVION 2.0,House,3:44,https://soundcloud.com/raevionmusic/pardesi,true,true,1,14,417,2025-05-20T00:36:48Z,all-rights-reserved,false,2098801416,2026-08-16T16:11:37.582Z
31,"CARLI7OX - WHAT IS (Original mix) (minimal house, tech house) free download",CARLI7OX,House,4:36,https://soundcloud.com/carli7ox/carli7ox-what-is-original-mix,true,true,26,7,362,2026-06-25T14:43:52Z,all-rights-reserved,false,2346472862,2026-08-16T16:11:37.582Z
32,Culpa da Suene [Extended Tech House Mix],Guto,House,4:29,https://soundcloud.com/techdoguto/culpa-da-suene-extended-tech,true,true,3,9,153,2026-03-24T16:01:28Z,all-rights-reserved,false,2289785429,2026-08-16T16:11:37.582Z
33,Hate That I Made You Love Me -  Tech House Remix by Tubarao [EXTENDED],Tubarão,House,8:15,https://soundcloud.com/tubaraooo/hate-that-i-made-you-love-me,true,true,0,1,187,2026-08-05T22:57:15Z,all-rights-reserved,false,2376146684,2026-08-16T16:11:37.582Z
34,FERXXO - Cumpleaños - Version Tech - House By Dozza 2023 Extended,Carlos Quintero,Dance & EDM,4:06,https://soundcloud.com/carlos-quintero-32950931/ferxxo-cumpleanos-version-tec-house-by-dozza-2023-extended,true,true,0,1,33,2023-08-18T03:04:05Z,all-rights-reserved,false,1595796147,2026-08-16T16:11:37.582Z
